departamento,anio,uso_cabina_porc,tel_fija_unid,tel_movil_unid,tel_pub_unid,uso_inter_porc,sub_inter_fijo_unid,vab_tel_miles_2007,pbi_regional_miles,hogar_1_radio_porc,hogar_1_tv_porc,hogar_con_cable_porc,hogar_1_compu_porc,compus,id_logit
Amazonas,2011,10.795442300383673,5125.0,168977.0,1192.0,15.8,1197.0,29703.0,2287107,81.34105569590176,59.966254896520574,13.55962606899119,12.38540692961249,643.0,Bajo
Amazonas,2012,9.98999635977094,4771.0,187753.0,1095.0,18.224461391737496,1430.0,34466.0,2551601,79.4,60.4,22.91153079262354,24.07222634177767,3179.0,Bajo
Amazonas,2013,9.444902298455618,4225.0,208308.0,1031.0,16.79378055897732,1363.0,38609.0,2682266,78.21764864311781,61.02961170441543,7.262253803019417,11.54103060285886,992.0,Bajo
Amazonas,2014,8.969762254528192,3606.0,230046.0,984.0,16.5572312330451,1243.0,43519.0,2824603,73.37773637889329,59.4646728382351,22.45611488972062,34.10699413017737,2657.0,Bajo
Amazonas,2015,8.598918616476842,3289.0,248781.0,879.0,19.74847477644887,1155.0,47927.0,2782128,71.12667937912492,60.831013149234145,5.302196977177026,10.87307323258978,1632.0,Bajo
Amazonas,2016,6.772630213809827,2604.0,264260.0,833.0,21.79046172501808,938.0,54385.0,2784366,67.75090526129512,58.70998134365975,6.441040150437665,15.59794069448546,2510.0,Bajo
Amazonas,2017,6.637417259559432,2761.0,269583.0,797.0,25.49729647353839,1619.0,60704.0,2940822,68.18258482980673,58.66283018088555,47.77441653758572,32.99715866690597,1377.0,Bajo
Amazonas,2018,5.369275416603204,2393.0,268558.0,682.0,26.099329482795557,1885.0,63345.0,3118373,64.57841974802757,60.21372387947878,12.21554813230518,20.40063665893611,4502.0,Bajo
Amazonas,2019,3.7378968256790337,2457.0,270047.0,202.0,33.64527420020155,2259.0,68367.0,3168990,61.77265824905986,61.8032141243726,6.528793217828382,8.325593292697324,1411.0,Bajo
Amazonas,2020,1.656297215461163,2228.0,300495.0,172.0,45.14543967208466,4424.0,74571.0,3034150,68.7767219829557,64.25127851365974,16.18829350289209,14.37947350872227,1019.0,Bajo
Amazonas,2021,0.637002843850399,2818.0,329112.0,130.0,55.087828386091196,6867.0,84374.0,3129734,63.44115963093859,61.78558041628358,21.92045382088456,26.88434149993853,1034.0,Bajo
Áncash,2011,19.8122034468186,76670.0,713934.0,7459.0,32.1,33036.0,280965.0,16155687,79.38018155926613,82.76477050706488,16.30744333307612,22.23285892026069,2593.0,Alto
Áncash,2012,17.781191627112065,81698.0,793260.0,8757.0,33.07722444145759,42173.0,321793.0,17666947,75.8,81.2,27.26377016057662,20.24485510240498,2212.0,Alto
Áncash,2013,16.031436651733603,79562.0,837312.0,8148.0,33.67756428812558,48127.0,357779.0,18478843,78.1322932438218,82.61094584004553,22.26748787758176,22.7222251864911,1208.0,Alto
Áncash,2014,15.091477935791694,75455.0,926243.0,7847.0,33.701769266213724,48684.0,391962.0,16028265,73.80203888690667,81.84704562134753,53.77191509399826,41.58439470755167,10254.0,Alto
Áncash,2015,13.55123463906757,72307.0,897929.0,8294.0,36.488720613006876,51920.0,424520.0,17584621,76.43860781048413,79.74408327723485,41.02753031438884,21.82876492480365,2198.0,Alto
Áncash,2016,11.55094720078613,69722.0,972094.0,5824.0,40.07158954475022,52579.0,474820.0,18365696,73.04366403918185,80.98844399725725,20.15745162287424,13.86330901132564,1481.0,Alto
Áncash,2017,10.515967932821738,70152.0,1013903.0,5276.0,41.87574137852187,57442.0,530024.0,19317454,72.15882743264086,78.46547657548608,32.92908966731424,23.73582358532417,226.0,Alto
Áncash,2018,9.04762270555808,66212.0,1072949.0,4630.0,48.00657412301726,69750.0,579076.0,20712339,71.84288021478734,78.35018007719991,27.74222002654323,35.25622177722599,1515.0,Alto
Áncash,2019,7.3583455540716205,55796.0,1052960.0,3957.0,56.19022025064782,58721.0,623821.0,20059093,70.55040120587802,81.6568432693245,26.38523447404962,23.98247110478672,1017.0,Alto
Áncash,2020,3.424886132388172,53220.0,1119948.0,3312.0,62.9687746542957,68207.0,664563.0,18770139,72.58798442455522,81.02117804732507,23.46667737449801,16.89228532297182,2950.0,Alto
Áncash,2021,0.5994380818254023,53599.0,1177110.0,2947.0,70.48741081957868,76734.0,743941.0,21491279,66.3338613080816,81.02692829615135,4.765383348364719,17.1241325302267,2452.0,Alto
Apurímac,2011,16.809762088623522,9392.0,233668.0,1816.0,20.4,3053.0,31657.0,1869417,83.14671989147807,59.50855175524463,48.66472112855913,16.05917491198394,1249.0,Bajo
Apurímac,2012,17.22163950797895,10922.0,259632.0,1854.0,22.37069860997293,3912.0,36144.0,2110908,82.8,65.6,16.1500900673712,32.56382295000638,1821.0,Bajo
Apurímac,2013,15.019034272111483,10837.0,286771.0,1691.0,20.619830053170613,4191.0,39741.0,2342674,83.91601247441791,62.44241581346481,29.6784057291822,23.80373698801714,412.0,Bajo
Apurímac,2014,12.103800804552026,10840.0,309813.0,1677.0,19.12095572318673,4669.0,44000.0,2437434,84.94775554968706,61.905959241323714,19.02877999119865,16.8596478336083,917.0,Bajo
Apurímac,2015,13.622081259335422,11077.0,316498.0,1477.0,20.953621476906243,5824.0,48304.0,2630345,85.01076825248197,63.11187031570854,17.0,15.6,810.0,Bajo
Apurímac,2016,13.789307234873563,8210.0,324688.0,1277.0,21.960331649250097,5995.0,51781.0,6343065,82.79149799731356,62.48822423856215,23.1,26.4,3200.0,Bajo
Apurímac,2017,9.95270799406862,8336.0,307204.0,1193.0,21.95091416669225,6645.0,54497.0,7718535,83.07604179694327,58.47651147044124,9.5,13.7,1067.0,Bajo
Apurímac,2018,7.798738535435524,6639.0,302806.0,1060.0,19.205767140874393,6714.0,56069.0,7131314,80.07313429299032,60.469156982812,26.5,37.2,3400.0,Bajo
Apurímac,2019,9.140589088967497,5965.0,345165.0,699.0,31.60541904466797,6417.0,61006.0,7170478,79.9173284007377,63.00122166350577,7.2,13.4,1674.0,Bajo
Apurímac,2020,1.89708487746967,5005.0,384767.0,601.0,40.538039209122324,9256.0,66592.0,6437777,86.1521504540482,61.35192274249091,9.4,14.5,3608.0,Bajo
Apurímac,2021,0.5612303761773455,4744.0,417654.0,366.0,56.95626019454239,10535.0,75285.0,6593721,78.48911458075078,59.11728232712785,51.9,41.8,1452.0,Bajo
Arequipa,2011,22.542698181465333,148915.0,1149421.0,11281.0,42.8,64879.0,594808.0,21038813,90.4607173122393,92.88757272458919,15.0,23.1,5723.0,Alto
Arequipa,2012,22.722291699023447,153980.0,1277135.0,12333.0,45.01378942800155,77187.0,685598.0,22033542,88.9,92.3,6.5,10.1,1551.0,Alto
Arequipa,2013,20.05882027338948,152003.0,1365147.0,12373.0,44.87737804096414,85243.0,748755.0,22629103,90.93569791123437,93.14389485697268,19.6,16.4,1415.0,Alto
Arequipa,2014,20.908993385068314,151126.0,1442598.0,12373.0,46.04796087846345,94279.0,820052.0,22773308,87.01288213143809,92.52495401151086,26.5,30.0,1415.0,Alto
Arequipa,2015,15.7869314714279,149973.0,1473029.0,11547.0,45.36457891421134,109146.0,894536.0,23524592,87.1525064566543,93.49196782637935,14.4,20.7,3154.0,Alto
Arequipa,2016,15.41034597142029,148037.0,1505925.0,9639.0,50.11379928776068,117972.0,967344.0,29623112,87.71302323026475,93.82726525361696,28.1,26.7,2794.0,Alto
Arequipa,2017,12.022107417976956,145602.0,1505997.0,8998.0,53.54231527614089,127888.0,1037194.0,30724797,86.10673375367804,93.38777049401078,24.2,26.0,1522.0,Alto
Arequipa,2018,10.66370136977634,133201.0,1571567.0,8054.0,57.290703083891636,140405.0,1112326.0,31506818,86.98168458120496,93.67809541728978,55.58438737715404,49.08565460229095,12174.0,Alto
Arequipa,2019,8.982069351660385,123330.0,1557952.0,6905.0,66.1170544990897,136853.0,1197028.0,31404343,86.76001516146242,94.22898857578123,46.0,25.8,2429.999999999999,Alto
Arequipa,2020,2.9814170124414074,113985.0,1599928.0,5722.0,74.30210049031511,157303.0,1276093.0,26491442,87.69287597248105,91.66665916825009,22.9,17.6,1841.0,Alto
Arequipa,2021,0.82392216090529,109604.0,1677360.0,5486.0,79.9393939098738,166065.0,1401976.0,29989964,83.92733959295775,91.92425870049448,46.4,30.6,325.0,Alto
Ayacucho,2011,17.795788535694847,17002.0,364818.0,3621.0,23.3,6682.0,93417.0,4111349,74.47228892585544,58.071240623586746,34.5,41.7,1441.0,Bajo
Ayacucho,2012,16.447792679919893,18793.0,405354.0,3850.0,23.86249020335816,10317.0,110121.0,4482971,77.0,59.3,26.3,25.4,1211.0,Bajo
Ayacucho,2013,17.320078100148535,19159.0,456900.0,3313.0,24.070094497763534,11695.0,125677.0,4906299,77.67017584430712,63.54367149162368,27.0,23.0,3598.0,Bajo
Ayacucho,2014,16.104013972907534,18567.0,499713.0,3068.0,23.928326311325204,12398.0,139512.0,4879476,72.42506518242303,64.10744097955767,4.6,20.4,2715.0,Bajo
Ayacucho,2015,18.35665305704005,17678.0,531270.0,2603.0,26.602534382758403,13085.0,153547.0,5162331,73.81484845262311,60.40999751867916,51.1,19.6,1603.0,Bajo
Ayacucho,2016,17.942883208558687,16518.0,563393.0,2288.0,29.19546542353562,13542.0,174710.0,5177917,70.02042974355362,64.49697959389546,16.3,37.5,2384.0,Bajo
Ayacucho,2017,14.827709797733945,18625.0,569483.0,2082.0,28.33409315429,16459.0,196304.0,5451854,74.26059704821174,60.39136959129851,41.6,29.3,532.0,Bajo
Ayacucho,2018,14.99818207856983,17292.0,602293.0,1798.0,32.75367360874512,18487.0,215619.0,5760202,71.99176990028494,60.69795302806193,19.9,19.3,1123.0,Bajo
Ayacucho,2019,11.00490881852982,15947.0,579310.0,1287.0,36.925020293805034,17925.0,232686.0,5931518,71.17240970921787,57.488774081033505,19.83267522767828,15.03186209856736,860.0,Bajo
Ayacucho,2020,6.083732053498981,15696.0,631661.0,1201.0,43.43160447084927,26060.0,252326.0,5200203,73.46757209629958,60.37638413250874,26.09619559917092,29.86450155038167,3518.0,Bajo
Ayacucho,2021,1.5519993417689448,18862.0,663409.0,1136.0,59.891433472226005,29952.0,285612.0,5812277,70.5791126923989,64.03283053340903,10.9083651809406,14.00354485952308,1108.0,Bajo
Cajamarca,2011,11.473036760655107,30726.0,728226.0,4162.0,18.3,13528.0,202788.0,10595497,86.34934030568625,55.22611167679087,30.23925612477652,41.06186745687074,3663.0,Alto
Cajamarca,2012,10.456117486926976,32415.0,809140.0,4423.0,17.553850673089087,16660.0,230473.0,11270583,83.7,53.7,8.421302890316266,12.68289875331223,2130.0,Alto
Cajamarca,2013,9.107976693917523,34100.0,872576.0,3960.0,16.84878402926544,19322.0,249949.0,11086928,85.30200330862203,56.86831697353541,9.075818297559842,16.9754138751343,3616.0,Alto
Cajamarca,2014,9.06336844281874,32120.0,959579.0,3890.0,15.280519688362912,20149.0,273917.0,10855588,79.49200380300482,54.37994658395689,55.95459992479286,42.36610065414298,1601.0,Alto
Cajamarca,2015,7.265117724674246,32326.0,1012045.0,3622.0,15.198090079136422,23082.0,303609.0,10798612,77.34539175765738,55.599589210702305,15.89548597721768,26.53039898401199,7099.0,Alto
Cajamarca,2016,7.563754165349422,31323.0,1072210.0,3136.0,19.509863547385958,25964.0,339939.0,10581305,79.26403970094844,56.22811480893692,5.814081357529897,10.32157547033732,1600.0,Alto
Cajamarca,2017,7.416234118426508,33041.0,1121809.0,2894.0,23.25191591283452,28109.0,376807.0,10901682,75.04100831388065,57.68874443844321,18.11408748979013,17.3112463988693,1396.0,Alto
Cajamarca,2018,6.296565289581141,32595.0,1122147.0,2574.0,25.569759464568843,31728.0,392996.0,11209419,72.7344013439691,54.2028569615723,34.33107382055352,37.49218090434137,1500.0,Alto
Cajamarca,2019,6.067709499636931,29954.0,1075831.0,1478.0,31.11022831443289,29902.0,420107.0,11479756,74.7117776019761,58.506329689834146,15.55022106375103,26.98089392076126,3738.0,Alto
Cajamarca,2020,1.6374006478958032,27996.0,1188889.0,1820.0,44.78580636161449,38726.0,449733.0,10316482,74.95281817142815,56.88398026839179,30.00382744182288,29.26625895962202,3085.0,Alto
Cajamarca,2021,0.20368561181236428,28365.0,1286083.0,1223.0,53.318360238538844,43181.0,506642.0,11507718,67.35929861049344,57.92864045309898,25.57939339585936,30.68710848399244,1589.0,Alto
Callao,2011,23.124804941767916,116550.0,1132908.0,6696.0,46.6,59846.0,867485.0,17563803,83.7808765037847,96.74173938665055,56.74279767415463,50.64780506682599,12900.0,Alto
Callao,2012,20.43532316408443,116550.0,1132908.0,6696.0,52.741634943073656,71058.0,867485.0,18070083,81.1,96.1,46.14087354950373,30.3036833700685,2660.999999999999,Alto
Callao,2013,18.834916893206927,116550.0,1132908.0,6696.0,55.11684000695317,81353.0,867485.0,19196199,82.5395864792198,97.23524373496133,22.71873585355619,14.97350472401545,1793.0,Alto
Callao,2014,16.980275175326398,116550.0,1132908.0,6696.0,57.09945988679458,89389.0,867485.0,19828477,80.00170181474074,96.93832772811585,49.11763710675073,32.5874545765386,346.0,Alto
Callao,2015,13.293610844105752,116550.0,1132908.0,6696.0,59.37058358803687,100059.0,867485.0,20209052,79.85014154813807,96.26820663020513,31.21361842417183,41.01497888130754,1510.0,Alto
Callao,2016,10.74276438630123,116550.0,1132908.0,6696.0,65.41612540835561,104852.0,867485.0,20690862,78.64619857376215,96.78922248402527,26.33353545308257,23.33258583450362,1208.0,Alto
Callao,2017,8.885983891399631,116550.0,1132908.0,6696.0,67.10224300854847,112942.0,867485.0,21400320,76.77353008365,96.77808384117377,26.13817034126582,24.47683043218515,3503.0,Alto
Callao,2018,7.484819634290455,116550.0,1132908.0,6696.0,70.71935304280719,128757.0,867485.0,22229310,75.7142920261634,96.60637681737914,6.832543066429907,20.98481488830225,2825.0,Alto
Callao,2019,6.196572124708765,116550.0,1132908.0,6696.0,73.56129038471052,119113.0,867485.0,22458010,75.43605191994853,96.24012372254685,54.07816613265609,18.47886883620742,1822.0,Alto
Callao,2020,1.1899036550251734,116550.0,1132908.0,6696.0,77.63955035991702,133139.0,867485.0,18855112,73.7419946820329,95.98162592914457,18.51041056351934,39.69040335792742,2409.0,Alto
Callao,2021,0.3162828141183465,116550.0,1132908.0,6696.0,84.14959258068777,156911.0,867485.0,22168532,70.85199215421508,96.69524527927898,43.57689636274437,30.66029254065752,583.0,Alto
Cusco,2011,22.288738000991522,54978.0,788860.0,5956.0,29.6,19891.0,287869.0,17384466,92.47550152363586,76.88304339653651,21.07829191055456,20.52710282112089,1246.0,Alto
Cusco,2012,21.493304507895544,55818.0,876512.0,6096.0,31.805731054496835,26716.0,326108.0,17711332,90.6,79.6,23.61919082243332,15.2575890714005,1000.0,Alto
Cusco,2013,24.297179414847733,56930.0,973631.0,5775.0,34.66662580118665,31635.0,363840.0,20708699,93.12947538041855,79.29336388043114,24.56037895617619,28.47558408525986,3634.0,Alto
Cusco,2014,19.39773028433632,59332.0,1039381.0,5571.0,31.883451159369464,37285.0,407623.0,20723581,90.71449045847282,74.41991964938715,11.86908251987486,14.77715592987784,1221.0,Alto
Cusco,2015,21.237656731434235,61039.0,1083517.0,4994.0,32.40479793598532,42739.0,450326.0,21071852,90.65620614453755,73.98374234894224,30.58759543718098,43.65085881842224,3910.0,Alto
Cusco,2016,20.365758151510573,63430.0,1076987.0,4292.0,35.513335323831086,47582.0,484937.0,21898270,89.88824265001755,76.19478624681712,8.572762697940284,13.71468354425168,2128.0,Alto
Cusco,2017,13.775279160504727,64614.0,1009463.0,3952.0,31.453812630890358,52522.0,510401.0,21576717,88.47959283623369,75.44106876024559,11.73992493092752,15.14132988843571,4047.000000000001,Alto
Cusco,2018,11.844919357575524,62530.0,970959.0,3421.0,33.5590095766194,62419.0,511898.0,21700735,90.12638177808539,77.74836793831611,54.96155629934905,49.2599794706699,1774.0,Alto
Cusco,2019,8.810519619474105,54422.0,1160668.0,2454.0,36.5449463348206,56073.0,554260.0,22006880,90.43525274180523,74.99322351429579,13.83484701655663,25.24754400674691,9512.999999999995,Alto
Cusco,2020,2.370996538439945,48787.0,1227061.0,2065.0,39.55716675935791,73635.0,600422.0,19326435,92.27947093204911,74.79098195046868,4.991266497991739,7.374392358136188,1842.0,Alto
Cusco,2021,0.39171310358812356,48490.0,1326675.0,2011.0,53.117760478345296,82275.0,677796.0,20594957,91.08040786935132,75.47360647176782,21.98974514187636,17.02687925102556,1707.0,Alto
Huancavelica,2011,16.252540295326572,4505.0,178044.0,1194.0,18.1,1630.0,16496.0,2909215,70.59530284565274,57.79965833941727,35.4751350197134,38.06819818019153,1640.0,Bajo
Huancavelica,2012,14.933961074979521,5885.0,197827.0,1213.0,17.05364120303345,2506.0,19108.0,3143661,69.5,56.1,19.83825889578522,27.85038508870558,3693.999999999999,Bajo
Huancavelica,2013,13.174447734384959,5705.0,205513.0,1151.0,16.56463535454188,2656.0,20851.0,3174927,75.6180587668567,61.037773902121195,28.91020521232559,28.81376406149696,3250.0,Bajo
Huancavelica,2014,11.31805658804708,6127.0,231736.0,1194.0,14.048605512632987,3238.0,23180.0,3281748,68.79303908592654,56.34260847202106,26.47047016983414,30.3016991225747,1732.0,Bajo
Huancavelica,2015,13.896284121127115,6142.0,248126.0,1087.0,18.142972791199945,3464.0,25887.0,3265820,72.15543956029856,60.28272855952089,62.08398510333827,51.98263031329984,13551.0,Bajo
Huancavelica,2016,14.246467222375925,4362.0,252212.0,981.0,21.556679762822377,3318.0,27572.0,3212948,73.11774451240737,59.76931882679828,48.06676387512366,27.42821153423999,2928.0,Bajo
Huancavelica,2017,15.889100600909972,4274.0,261264.0,906.0,25.713827248201223,3585.0,31152.0,3354985,70.85554227240686,57.92720467542904,28.43266299081877,18.31102292575289,2013.0,Bajo
Huancavelica,2018,13.114759102301424,3684.0,240868.0,805.0,26.252449906264374,3754.0,31263.0,3525421,67.31757943994234,59.56885607896444,45.90447247995358,28.4812820936915,406.9999999999999,Bajo
Huancavelica,2019,11.67428710511897,3147.0,253963.0,416.0,30.029881335086174,3686.0,33899.0,3527812,71.0060548266649,57.69542921435468,33.50791567446754,40.05990226525937,1796.0,Bajo
Huancavelica,2020,4.565135756783354,2570.0,292504.0,377.0,47.34086687878279,5122.0,37869.0,3284707,72.64466469292915,60.56046865580078,32.0403807240149,22.47534141430725,1341.0,Bajo
Huancavelica,2021,1.031308073746527,2670.0,310686.0,319.0,55.657164096004294,5127.0,42520.0,3501268,74.365406393676,60.004177362972456,30.38784711942652,23.13431229635935,3857.000000000001,Bajo
Huánuco,2011,13.056037598983023,19084.0,411903.0,2356.0,18.8,6056.0,115596.0,3955589,82.11574525425905,60.83210958954698,6.513937457698004,20.7862894778443,3103.0,Bajo
Huánuco,2012,12.462684165083983,19292.0,457671.0,2423.0,19.875242659061712,6783.0,134042.0,4380310,77.8,58.6,55.93949167108369,17.44933400637699,1910.0,Bajo
Huánuco,2013,12.555480683856235,21494.0,493410.0,2258.0,20.674190763648635,10072.0,152151.0,4642728,78.77579197875261,60.90138238778489,17.16028082992261,39.61085817996866,2493.0,Bajo
Huánuco,2014,11.478831903073985,22384.0,525548.0,2226.0,20.242556688369618,12801.0,167582.0,4799787,76.7257678585099,62.910422707621336,49.25839251954396,32.68424235829948,566.0000000000001,Bajo
Huánuco,2015,11.759196343877157,22670.0,570168.0,1905.0,23.694945226962467,15149.0,185311.0,5114983,74.89861924470712,64.21810506343324,23.18396318906122,19.15426345442418,1330.0,Bajo
Huánuco,2016,10.962536152873431,20347.0,587182.0,1724.0,26.710059988462795,16662.0,202087.0,5345445,71.20694848736211,64.2636286920723,25.04227290496551,17.99301432450125,1056.0,Bajo
Huánuco,2017,10.786808342392636,20579.0,582478.0,1603.0,30.450430326754677,17283.0,216955.0,5832171,71.9562329616055,65.08405207279233,25.1635491655516,28.73541269910393,4099.0,Bajo
Huánuco,2018,7.756831316807718,20229.0,567432.0,1492.0,33.562118404003186,19693.0,220337.0,6010056,71.7287798692552,64.0885384153417,11.32315402539651,10.86956016651256,1278.0,Bajo
Huánuco,2019,5.633469513103774,19765.0,617706.0,932.0,38.245985989918225,19734.0,236468.0,6081484,69.6636355080257,63.61420213152341,33.95167080267244,42.71672863115067,4458.0,Bajo
Huánuco,2020,2.332231325737396,20082.0,665919.0,934.0,50.82753742955677,29028.0,251403.0,5444897,70.73311025867633,63.95311265164747,10.31349857227696,13.30468318134038,2286.0,Bajo
Huánuco,2021,0.7305922010831489,22137.0,726248.0,712.0,57.36880212978532,32392.0,284204.0,5974351,64.46294096909067,56.03033301233658,11.28040264866386,14.58714856125237,4026.0,Bajo
Ica,2011,20.136751608415125,66862.0,623935.0,6991.0,37.0,27614.0,246647.0,12883432,80.58591590973491,93.8932529964318,57.74335828764541,44.22897185314758,1609.0,Alto
Ica,2012,19.74957720586835,70526.0,693262.0,7493.0,40.98872633166079,35037.0,288739.0,13067505,81.8,93.8,14.87549852268431,24.24875960038262,9255.0,Alto
Ica,2013,19.290834672307813,70184.0,723105.0,7230.0,43.890807378811225,39313.0,326014.0,14394675,84.92364781580709,94.36688699188562,6.009566038296995,10.79332699812596,1793.0,Alto
Ica,2014,15.805134441039574,67302.0,761372.0,7460.0,44.90229255362113,41064.0,340555.0,14809397,81.57118438941787,93.30330434346645,22.74324218464293,17.38554982867696,1915.0,Alto
Ica,2015,16.994229698182583,66591.0,789436.0,6731.0,48.6943896740085,45987.0,375827.0,15295581,83.2959201870126,93.795491302094,36.57442921617353,38.10453326861129,1711.0,Alto
Ica,2016,15.128293975175106,65269.0,844430.0,5364.0,53.60602576195784,49045.0,420872.0,15325191,81.30922726763121,95.14122837596089,19.86177506252092,26.07998080091192,3802.0,Alto
Ica,2017,8.074096428197143,65881.0,880095.0,5174.0,57.62399538719211,55231.0,470202.0,16206741,81.38562329665233,95.48298553638621,33.0840969757684,31.76511518230173,3593.0,Alto
Ica,2018,5.57310639433899,63135.0,958440.0,4600.0,59.6756761526642,64468.0,529318.0,16994391,78.73835102973801,95.50683279093916,28.68407800772748,33.12356069329741,5672.0,Alto
Ica,2019,4.963162537402065,51679.0,939644.0,3938.0,67.94138972696436,53478.0,567028.0,17656354,77.8994695100192,95.02727701999757,60.18879976993292,50.28710966230182,14695.0,Alto
Ica,2020,2.0375583674138533,46140.0,933282.0,3298.0,75.29704030740105,57619.0,606521.0,15621323,74.4243103828865,91.8472844597271,52.28182056378267,26.45575534250037,3058.0,Alto
Ica,2021,0.17215999633552811,46637.0,1015460.0,3176.0,80.18712243885662,75888.0,669943.0,19590684,70.30708373434992,91.1942575748969,32.60816148119902,18.19438292630329,1772.0,Alto
Junín,2011,29.312097079115894,72095.0,796493.0,10576.0,37.0,24110.0,295395.0,10009485,85.14233851776636,79.7609450080597,52.04068374469246,24.57525817131046,409.0,Alto
Junín,2012,25.754600033388193,74362.0,884993.0,12560.0,34.67357886591298,31148.0,335688.0,10718558,84.9,81.2,34.7509944099423,37.17859011247708,1776.0,Alto
Junín,2013,24.829315318353416,72618.0,945650.0,12333.0,36.08561497743769,35240.0,362122.0,11095514,86.4594532326867,82.33755157367938,28.59712037954951,21.94589336415684,1457.0,Alto
Junín,2014,25.133473955117257,71735.0,1007981.0,12601.0,36.51774449376899,39392.0,393450.0,12391582,83.3783098933674,82.79884906687388,33.54904579744535,22.35990072934875,4325.0,Alto
Junín,2015,22.791485532322586,71978.0,1061961.0,11004.0,36.32777168903353,45629.0,434544.0,14412891,83.98672286814698,81.01453724239416,6.660260521903486,20.66735843634346,3320.0,Alto
Junín,2016,19.512314730359932,72366.0,1136708.0,8870.0,37.51097835928523,50664.0,490849.0,14285221,82.37773009166455,80.494537194324,54.72966850029134,15.96359371191131,2026.0,Alto
Junín,2017,15.416807609641811,71232.0,1157128.0,8262.0,38.08188453410113,56476.0,544987.0,14954057,80.61294425297807,81.28430703245922,15.20244188622061,37.52224596357043,2554.0,Alto
Junín,2018,11.586249412177072,64865.0,1168729.0,7068.0,41.36191265515609,63786.0,575488.0,15459518,80.08335713716598,81.23287634725133,53.33814464470327,33.98035081717508,699.0,Alto
Junín,2019,8.37317419185649,53153.0,1173443.0,5930.0,41.02120264686667,54056.0,621385.0,15330366,77.14204752370388,79.52910278126471,31.14048445231934,23.11580509178798,1417.0,Alto
Junín,2020,1.2991083446355183,46940.0,1274724.0,4963.0,48.998745815475,68654.0,672787.0,13870724,78.69750240491513,78.32367163585965,25.11624209766707,20.12541707445483,1216.0,Alto
Junín,2021,1.1122700768241303,45745.0,1351911.0,4525.0,59.638199423024396,76713.0,754475.0,15966218,72.51154829486113,78.46868299449712,29.67545225310898,30.89726306558679,4489.0,Alto
La Libertad,2011,18.911115773220516,167956.0,1196696.0,13708.0,33.3,66374.0,620764.0,17378414,78.1535909697085,80.92377079057437,10.85911320404403,12.14816955047663,1389.0,Alto
La Libertad,2012,17.49734122980233,173804.0,1329663.0,15443.0,36.778624343657505,82701.0,716716.0,18712792,77.2,79.9,32.98597120907607,44.645154848503,4759.0,Alto
La Libertad,2013,16.304866755766906,168555.0,1435850.0,14763.0,37.841422400507945,96008.0,775459.0,19532083,76.88726542969168,83.83958088929904,14.16827045040849,14.26797910127605,2635.0,Alto
La Libertad,2014,14.41523170366528,161292.0,1538558.0,13171.0,38.76727401767037,102495.0,835551.0,19821258,73.06700263060189,81.72441820737555,13.69871985388538,13.34970210672747,4379.0,Alto
La Libertad,2015,12.541727237379515,152742.0,1560336.0,12539.0,41.13681546125718,108630.0,905737.0,20274733,74.55245589679083,84.56577897109189,56.87021657762053,49.29468280326093,1647.0,Alto
La Libertad,2016,9.742147404914792,152960.0,1631219.0,9640.0,47.4158750651012,115330.0,994168.0,20448345,71.96068455270542,85.62569861355972,14.36059930830048,26.9880796920536,10463.0,Alto
La Libertad,2017,6.968430486836999,152762.0,1683948.0,8877.0,49.183564708630094,124953.0,1104041.0,20797558,71.52060882271809,83.22195707868343,7.925995797850976,11.75272340910784,2323.0,Alto
La Libertad,2018,6.643056856068109,142494.0,1778280.0,7622.0,56.542704773575835,141255.0,1196505.0,21840178,70.35991515504651,84.78862485017343,22.86196062630112,16.84252225325853,2166.0,Alto
La Libertad,2019,6.458442420377199,123169.0,1784474.0,6399.0,62.220321743673914,128132.0,1290531.0,22637274,67.83139257711994,83.4168421633316,40.7923879114423,35.30499736340941,2066.0,Alto
La Libertad,2020,2.3970250627798473,113155.0,1866632.0,5594.0,70.76885124094365,143792.0,1396659.0,21239307,72.57189280683329,85.1917698137649,19.92111493957196,23.93509418155324,4188.0,Alto
La Libertad,2021,0.4453782097775476,111231.0,2024843.0,5062.0,76.312497579315,164810.0,1568790.0,23571322,66.19681478887944,85.69109358324864,35.99359088670611,34.30029243934036,4065.0,Alto
Lambayeque,2011,16.185348435277767,107268.0,793910.0,7317.0,28.3,41308.0,403125.0,8937792,79.24468374514663,86.07254274273969,33.2741309177349,35.80268994497137,2359.0,Alto
Lambayeque,2012,14.417268521071405,110479.0,882123.0,8265.0,29.00494344996189,52628.0,463910.0,9782672,78.7,88.2,58.8384869787491,51.27613555708193,15755.0,Alto
Lambayeque,2013,13.712452434102623,104265.0,921677.0,8532.0,30.845178365503827,58198.0,508484.0,10138533,76.93183655466859,88.72764077365574,47.25652006247689,27.902637699892,3272.0,Alto
Lambayeque,2014,12.789750369480155,102910.0,977053.0,8339.0,34.06913380192898,64396.0,546249.0,10354938,75.25172038821883,90.32298589479043,33.94684939863983,15.38412494903623,1935.0,Alto
Lambayeque,2015,11.137318621722882,96342.0,1007452.0,7178.0,36.31655636475836,68985.0,599524.0,10809529,73.38233484689927,90.54040915521475,49.58002061377726,25.06576156387243,432.0,Alto
Lambayeque,2016,11.426440044662918,96980.0,1058798.0,5645.0,45.10503563148736,75635.0,663412.0,11080412,75.31804739180066,89.51238448050967,34.4823290971833,38.8927612353719,1757.0,Alto
Lambayeque,2017,7.432890535673653,97769.0,1027800.0,5112.0,49.34129768528223,78594.0,710267.0,11371483,72.19152111717419,88.63484583564869,28.33347486520524,24.17697769227812,1478.0,Alto
Lambayeque,2018,7.239299356141194,88831.0,1053616.0,4463.0,53.35356207479275,85774.0,746628.0,11837862,68.65508549753068,88.32462022012022,34.0897160674593,23.43675343625423,4703.0,Alto
Lambayeque,2019,5.33159186397592,78138.0,1146576.0,4038.0,57.62192838642326,78783.0,810585.0,12113549,69.7686531556663,88.27660036154367,6.90054388069288,21.036676952644,3554.0,Alto
Lambayeque,2020,1.5346876254029538,72685.0,1177948.0,3160.0,63.1817042770955,89668.0,873983.0,11357224,72.05425881265629,88.86518376486092,56.70992146621889,18.96008394003984,2188.0,Alto
Lambayeque,2021,0.19810368333179196,70004.0,1333774.0,2974.0,69.91362567670099,98290.0,990354.0,13104922,66.91623354779749,89.7494725709948,18.73606116533681,39.34179117350459,2709.0,Alto
Lima Metropolitana,2011,22.24779492524241,1860605.0,8800526.0,98965.0,53.6679068253804,750644.0,8760967.0,147616320,82.89827542592796,96.46966291161158,53.24201756829671,29.63793861631249,752.0,Alto
Lima Metropolitana,2012,19.804136757499606,1953551.0,9778363.0,104841.0,57.47209285763988,863094.0,9705772.0,157630141,83.22237438932048,96.73509740504646,29.55183949677981,21.64578914142396,1718.0,Alto
Lima Metropolitana,2013,17.870695896534155,1976814.0,10139568.0,100939.0,58.69598132813918,949123.0,10504125.0,166311098,82.05014812821649,96.82186859019737,28.43231287770265,21.78077062169391,1269.0,Alto
Lima Metropolitana,2014,16.609292206279854,1952199.0,10805266.0,96461.0,60.48824006798987,1027517.0,11384761.0,172725823,79.94165881169066,96.97241199052517,28.10231468792851,27.73472936268296,4466.0,Alto
Lima Metropolitana,2015,13.377042012367738,1909621.0,11209519.0,88890.0,59.40458272125525,1168739.0,12375197.0,178267707,78.83100115020756,96.61155505628545,11.96731490378175,14.71327761736072,1494.0,Alto
Lima Metropolitana,2016,11.01052298251112,1905562.0,11729000.0,75741.0,64.25756310590202,1229499.0,13336892.0,183403718,74.60029560396373,97.14342224079827,33.97026436102848,44.55826571890663,4571.0,Alto
Lima Metropolitana,2017,8.709780595924872,1934680.0,11790775.0,70660.0,69.50955444446687,1351806.0,14340120.0,187005999,74.38655846890215,96.87726654125805,11.86967006827723,13.61198295236691,2544.0,Alto
Lima Metropolitana,2018,6.454016088461619,1810844.0,12784934.0,64279.0,72.79274182750034,1497540.0,14991967.0,195032460,73.96343490199119,96.73701141779021,15.21835129307257,14.73107038836114,4074.0,Alto
Lima Metropolitana,2019,5.045270877427009,1675900.0,11660724.0,56269.0,76.1264199057954,1391931.0,15962671.0,200723656,73.53855879810109,96.42185942820933,57.34357215989241,44.94670619565973,1825.0,Alto
Lima Metropolitana,2020,2.1674338804727795,1536663.0,11759154.0,49016.0,80.18247769753353,1580569.0,16339504.0,176898231,73.8606108195438,95.59964032426687,16.11053666523424,22.31618298573268,9861.0,Alto
Lima Metropolitana,2021,0.3657191840424202,1404479.0,12222597.0,47133.0,84.13895289917835,1669955.0,18041212.0,202335179,69.31681084779115,95.54954557835246,10.23594552804619,11.99952727526508,2224.0,Alto
Lima provincias,2011,22.18711006208649,116550.0,1132908.0,6696.0,34.7,84386.0,867485.0,13562753,79.97916435374525,91.14381218402481,24.64833801553637,18.69233620077027,2299.0,Alto
Lima provincias,2012,20.163931498631595,116550.0,1132908.0,6696.0,37.62711177521643,84386.0,867485.0,13897097,79.0,87.4,43.32240305078054,39.63862210354928,2166.0,Alto
Lima provincias,2013,19.124529674562307,116550.0,1132908.0,6696.0,39.83324011998198,84386.0,867485.0,14893394,82.27298530293776,89.4280225026047,19.07250902719541,23.9312943375216,4046.0,Alto
Lima provincias,2014,18.581140365126213,116550.0,1132908.0,6696.0,40.5004944247881,84386.0,867485.0,15468191,77.62806675517176,89.4280225026047,36.92864326018803,32.82772454945009,4224.0,Alto
Lima provincias,2015,17.269599350939828,116550.0,1132908.0,6696.0,39.66372510981123,84386.0,867485.0,15992567,75.26327391053032,92.0693718137748,29.92060021379083,34.94260599582862,2346.0,Alto
Lima provincias,2016,14.938475379973712,116550.0,1132908.0,6696.0,45.641291721756815,84386.0,867485.0,16146749,73.93792933774938,91.2275504975517,58.90086384958754,52.43308004085776,15979.0,Alto
Lima provincias,2017,12.225932754368019,116550.0,1132908.0,6696.0,49.79417085044987,84386.0,867485.0,16285655,71.87312510729079,89.37645616914911,50.81050488131821,25.12036386364144,3317.0,Alto
Lima provincias,2018,8.132944300558478,116550.0,1132908.0,6696.0,53.310586217202406,84386.0,867485.0,17183773,69.70652641504968,90.66505569554481,37.17749625059975,19.57393106866757,2071.0,Alto
Lima provincias,2019,6.592090251141413,116550.0,1132908.0,6696.0,57.96352143465927,84386.0,867485.0,17316831,69.60727666631617,88.6212867650144,49.54804756508089,25.24236903351661,430.0,Alto
Lima provincias,2020,2.6595789921069257,116550.0,1132908.0,6696.0,66.03722385811912,84386.0,867485.0,16333918,70.08728519284361,87.65866145538517,37.69338962259723,37.91938264199703,1662.0,Alto
Lima provincias,2021,0.4282209496716775,116550.0,1132908.0,6696.0,74.26674829718249,84386.0,867485.0,18048712,65.4698981709702,88.6264765384944,29.7174688051321,20.79553303276737,1449.0,Alto
Loreto,2011,11.1522149894854,58385.0,285514.0,7276.0,15.8,5344.0,157502.0,7608889,60.97877505482359,61.35197603813395,34.28394777131658,21.75587562579886,4535.0,Bajo
Loreto,2012,11.871800040857098,57220.0,317238.0,7711.0,17.587197827988657,4858.0,177459.0,8212422,61.5,63.7,6.446183226806375,19.97645859812042,3651.0,Bajo
Loreto,2013,10.9236549335406,56815.0,367603.0,6621.0,17.380500284132072,4157.0,194153.0,8505693,63.35796463462419,63.677910251675584,59.76190813927068,19.12577651720829,2145.0,Bajo
Loreto,2014,9.857205876040917,55310.0,409746.0,6616.0,19.560600547891678,14842.0,214315.0,8779305,59.754761638688194,65.6207547961268,21.17542652941723,39.03271074832159,2590.0,Bajo
Loreto,2015,8.407429392388138,48979.0,452229.0,6001.0,21.788638518598077,18831.0,237468.0,8584514,55.186592826088585,64.84318099353479,53.46834341661376,32.09509712455497,747.0,Bajo
Loreto,2016,7.116431958226939,38797.0,490287.0,4645.0,25.086339636471997,17959.0,264324.0,7602217,54.48856138726461,64.45988854276519,32.99098284738231,24.15661322130293,1309.0,Bajo
Loreto,2017,5.729156833657072,32088.0,497774.0,4346.0,28.27210669136847,15796.0,286773.0,8087444,53.66769967209233,66.35556977428591,29.05591930602736,20.72762166447611,1182.0,Bajo
Loreto,2018,4.336939602138012,25139.0,518731.0,3620.0,31.809909762354273,15547.0,310335.0,8932782,53.90047294752157,66.24931995934358,31.02631935018746,27.62014613861047,4414.0,Bajo
Loreto,2019,2.9969906706941623,19853.0,548782.0,2370.0,34.08847697390587,13715.0,335059.0,9336037,55.20185305859749,65.90583030602257,12.43756431059745,11.61659302147489,1726.0,Bajo
Loreto,2020,1.7272049125625026,16969.0,618071.0,2054.0,38.389390010410764,13294.0,355063.0,8046179,54.24680499363292,65.06490008732085,33.88912292927627,41.87354704029367,4538.0,Bajo
Loreto,2021,0.6958363721740335,14655.0,675627.0,1916.0,45.44352065831885,10668.0,402028.0,8915929,57.06412364819834,67.22340013723378,13.95521581728079,15.13942530029294,2864.0,Bajo
Madre de Dios,2011,19.543182637275766,5210.0,136079.0,454.0,26.8,141.0,28640.0,2454999,76.5744328257371,84.2240875332905,14.61029919318215,13.43524036405991,4466.0,Bajo
Madre de Dios,2012,20.457302865672386,7119.0,151199.0,657.0,32.115448330002856,3274.0,32956.0,1950139,72.4,89.1,52.31213378614397,51.37434542271775,1768.0,Bajo
Madre de Dios,2013,15.538460696990015,6790.0,153884.0,525.0,35.52408770652088,4215.0,35942.0,2240082,75.07890155665343,86.90003538037743,15.24570018375357,25.10654220550241,9236.0,Bajo
Madre de Dios,2014,15.416466658272931,6391.0,155237.0,486.0,35.95359903628758,4231.0,38154.0,1923155,70.63422265584771,86.22004963935773,11.57061122484742,12.00855675989842,2323.0,Bajo
Madre de Dios,2015,12.843019974251726,6772.0,160289.0,456.0,34.85979355774083,5115.0,42094.0,2346810,67.49333458066332,87.48894293985288,26.04641309930047,17.33764321062218,2345.0,Bajo
Madre de Dios,2016,12.531597135727024,7089.0,174827.0,420.0,38.7890891812755,5675.0,46441.0,2663699,67.35638945939152,85.71738295909269,44.92630062141475,40.67336381294195,2164.0,Bajo
Madre de Dios,2017,8.44134353375864,6890.0,160293.0,388.0,45.02827249406897,5828.0,48428.0,2409050,64.6952397533263,83.63019434472069,19.80175399459658,23.22420739396162,4267.0,Bajo
Madre de Dios,2018,8.013072867919462,6736.0,155288.0,356.0,52.468835669144795,6328.0,48908.0,2255653,62.50674148157292,85.03383668509336,35.43725561423548,32.38312139939622,4311.0,Bajo
Madre de Dios,2019,6.7259044033880775,6737.0,194297.0,262.0,62.31231227803554,6779.0,52518.0,2124983,64.31051585259158,82.41264569485223,32.64994970594622,34.36143954536312,2418.0,Bajo
Madre de Dios,2020,2.8076329495451073,5990.0,226464.0,261.0,63.75691289997677,8622.0,55484.0,1611133,60.48329855085763,79.48691969182443,58.19856635127896,52.92718134597939,15928.0,Bajo
Madre de Dios,2021,0.6606808297166236,5915.0,251568.0,281.0,75.32579882380811,9698.0,62404.0,1758085,50.57159676122301,78.95593087642939,52.78375563593983,29.05656606983636,3368.0,Bajo
Moquegua,2011,22.955647156984924,12425.0,149449.0,1223.0,40.6,6009.0,51149.0,7785269,90.50281415293742,90.52954744521017,40.46024634082636,18.14349636601175,2188.0,Alto
Moquegua,2012,21.792012359912736,13470.0,166055.0,1202.0,44.33939053280151,7793.0,59191.0,7756800,90.9,89.5,52.64864072456999,27.82427050628269,545.0,Alto
Moquegua,2013,18.100169355479363,13308.0,173495.0,1035.0,42.17320736627575,8263.0,64057.0,8598669,90.0078247622483,89.58230893680874,37.13080601481034,37.93568274440948,1597.0,Alto
Moquegua,2014,18.97602652331952,13597.0,183202.0,970.0,46.02755599554539,9796.0,69195.0,8371348,87.58063945515818,87.18537049503666,28.70426800315023,23.1860046184566,1322.0,Alto
Moquegua,2015,16.70467141312339,13981.0,190648.0,817.0,44.55367955692967,11261.0,76358.0,8693747,86.89913542684853,88.27314247559775,34.26359262081896,22.89423218096297,4632.0,Alto
Moquegua,2016,15.525509654726232,14164.0,202123.0,730.0,50.049220224256224,11886.0,85131.0,8635514,85.20242056612939,88.06505980118777,7.26709061959698,19.84325948339273,3589.0,Alto
Moquegua,2017,11.40315889292287,14602.0,209436.0,715.0,53.20396105018005,12720.0,95419.0,8696704,88.19528002077304,86.43846488988564,62.14248989855587,21.35710539115318,2310.0,Alto
Moquegua,2018,7.089177556537926,14464.0,208159.0,651.0,57.33928503490529,14262.0,99421.0,8785457,84.40712756692692,84.96076582733821,21.19146857029635,47.06541626224754,2483.0,Alto
Moquegua,2019,6.393552511757253,12110.0,218802.0,519.0,61.96614919752057,14003.0,107543.0,8416846,82.9835246350175,83.43531495505222,57.12144694039842,29.79381056242388,710.0,Alto
Moquegua,2020,1.5250691088879056,11518.0,216815.0,445.0,70.7422857898583,16877.0,115259.0,8585078,84.32949471944629,84.47227304823474,36.95265001522618,23.58736003321877,1499.0,Alto
Moquegua,2021,0.3440023458545219,11829.0,234446.0,401.0,78.15196955826835,18529.0,130114.0,9190284,83.40365085424968,83.72626632690519,33.02804014746254,21.02646375284443,1227.0,Alto
Pasco,2011,25.404074201458105,4998.0,147821.0,711.0,29.5,1361.0,33807.0,4641887,87.01859207937876,80.34135084016279,35.30878934217537,30.25934906336522,4494.0,Bajo
Pasco,2012,23.097393092157915,4847.0,164246.0,653.0,29.399153074114626,1347.0,38781.0,4880072,85.0,78.0,12.73879983730961,20.44160493451327,1862.0,Bajo
Pasco,2013,17.383173603810672,5290.0,174647.0,552.0,23.830266987988,2207.0,42401.0,4885819,83.4080955106792,73.54632378108495,36.28131650716527,46.3642273506666,4655.0,Bajo
Pasco,2014,20.644330718028492,5177.0,197091.0,560.0,27.405659329529954,2429.0,47083.0,5046668,82.00193074142013,75.53149234664285,12.87725184640087,15.49107297809603,2735.0,Bajo
Pasco,2015,17.254254967897175,4982.0,209992.0,470.0,27.648859244297935,2940.0,51808.0,5211406,83.40602332307594,77.44752400884374,19.68597701975054,16.25001354128497,4759.0,Bajo
Pasco,2016,17.65541433526529,4977.0,216414.0,427.0,33.87498479718713,3454.0,57884.0,5329324,80.72618495903123,76.60218599905457,49.81367049429405,43.49615674487595,1853.0,Bajo
Pasco,2017,17.702645814216638,4926.0,212096.0,404.0,37.15434481506268,3777.0,62956.0,5333755,75.80324688484323,76.62432666046827,15.86648784965081,25.88005008130202,9758.0,Bajo
Pasco,2018,12.761657643819383,3992.0,204816.0,359.0,36.385571683725324,3679.0,63844.0,5337612,75.99815465022523,74.95070709116196,10.68178555257281,11.64817026786789,2263.0,Bajo
Pasco,2019,7.7470387103701075,3721.0,214627.0,194.0,40.21239186911771,3277.0,69403.0,5443881,74.0671967243716,79.50747289770692,27.15734851646338,18.89939902137254,2540.0,Bajo
Pasco,2020,3.345912379053231,3085.0,232037.0,179.0,51.902572684434986,5730.0,73903.0,4432727,78.68261242941301,78.3275592508663,49.58937125671858,39.34099250246777,2324.0,Bajo
Pasco,2021,0.7603267248357375,3050.0,241081.0,141.0,63.307284982386,6703.0,83626.0,5288311,73.19689025931928,76.13401088892357,17.42713450556264,24.09874529713618,4357.0,Bajo
Piura,2011,13.378503836949651,109231.0,981699.0,8866.0,26.0,39613.0,388351.0,16366999,77.5132627707178,77.35237436834342,34.87938989957365,32.63967019850202,4344.0,Alto
Piura,2012,12.39304297857297,112227.0,1090777.0,9815.0,26.348495214888995,50120.0,441647.0,17066135,76.0,79.2,32.56346358611886,34.905480112498,2278.0,Alto
Piura,2013,12.822730562125138,103940.0,1179317.0,9438.0,28.734916682569686,56793.0,479526.0,17746782,78.08542325470845,81.83195053528499,56.60037019549635,47.73819217999496,14713.0,Alto
Piura,2014,11.803273672716788,100101.0,1302323.0,10026.0,30.897143481116952,61155.0,527349.0,18750443,75.24143142388502,80.59594353030846,49.4413836786186,26.07252415988481,3341.0,Alto
Piura,2015,9.367802717129875,95698.0,1339801.0,9060.0,31.754286004820525,68162.0,579372.0,18866671,75.28252416585794,80.02622392421338,42.38249640065681,19.96943031386069,2085.0,Alto
Piura,2016,8.595329924622412,94113.0,1398720.0,6976.0,35.422344488978986,72026.0,638874.0,18924869,74.47572569404868,80.68756676541263,53.59066773299584,28.1207189893241,550.0,Alto
Piura,2017,6.571181502201033,92871.0,1410347.0,6327.0,39.96437558730794,76760.0,694685.0,18473111,68.72528711533833,79.18239829146263,36.13039089442101,38.51049058026097,1970.0,Alto
Piura,2018,5.8369473558921285,83693.0,1442872.0,5377.0,47.08240586232527,85114.0,736917.0,19758433,71.09124936189217,78.75821832223427,29.6068927646444,20.97714190601119,1459.0,Alto
Piura,2019,4.178801178674525,73817.0,1530557.0,4168.0,53.45080067180325,78567.0,798956.0,20626256,73.52574198330589,80.79181543785037,39.45042304969546,24.27570431561992,4277.0,Alto
Piura,2020,2.100327530059802,71966.0,1631055.0,3672.0,65.08820107915993,96250.0,860833.0,18706852,72.02661989199802,80.37724310433688,9.484697939861451,20.54771158712003,3926.0,Alto
Piura,2021,0.46157129927661344,73663.0,1802449.0,3389.0,72.04915907020543,109228.0,958894.0,20888363,66.73099142426405,81.80314318156475,59.17719811743712,22.63755862440146,2359.0,Alto
Puno,2011,23.110489126642904,28462.0,848692.0,2442.0,26.9,13031.0,183846.0,7384505,86.3512229417076,61.41015945861522,19.68628991820196,47.62259462838849,2494.0,Alto
Puno,2012,24.00276000875092,32006.0,942992.0,2553.0,27.99762776304718,16969.0,214972.0,7734458,86.4,63.6,56.65431506048841,29.53561804515557,642.0,Alto
Puno,2013,21.45040709310783,32097.0,994682.0,2223.0,27.985679301686254,18339.0,237009.0,8294320,89.11627913431184,64.90197755870945,34.65479486782826,23.15518219662349,1626.0,Alto
Puno,2014,21.57077466699116,33997.0,1055754.0,2045.0,30.124770046169097,21693.0,264017.0,8487313,87.99157217659867,63.478408710593584,24.68883211201944,20.57221433376833,1262.0,Alto
Puno,2015,19.44801920780207,34845.0,1101969.0,2373.0,29.745044575270853,24737.0,291256.0,8519702,85.07873458836322,63.56169478929347,28.45359939526896,28.46361634306384,4567.0,Alto
Puno,2016,19.762562173216228,32209.0,1155907.0,2005.0,32.014041797497576,26155.0,329231.0,9075999,83.61071093463337,65.06618578685288,12.17746216986989,23.88243730914013,2175.0,Alto
Puno,2017,16.40914252669114,32187.0,1179621.0,1898.0,32.64252350908827,27890.0,369279.0,9434737,83.44936983288862,61.41581495824019,24.92287134164779,45.13934059658772,4785.0,Alto
Puno,2018,15.422561456252751,29275.0,1175604.0,1779.0,36.98110316244412,30382.0,383408.0,9666999,83.59957506834029,66.2280595337528,10.85055990466497,18.81724610780798,2958.0,Alto
Puno,2019,13.901468985806963,25881.0,1166228.0,1192.0,40.05510187689853,26651.0,412505.0,9803780,83.15100431579937,61.469492119851814,13.67273737185085,16.92168774882474,4745.0,Alto
Puno,2020,8.054507785126916,24000.0,1262052.0,1163.0,54.34819019226856,38174.0,447196.0,8717266,86.06411533111289,62.081429648386624,36.88636329086155,40.73262983688122,2099.0,Alto
Puno,2021,3.0853096225462595,23508.0,1331410.0,1200.0,66.22924254418311,40495.0,502292.0,9724375,80.29058917073412,60.585465547288585,8.45512608415445,23.11326926203528,9873.0,Alto
San Martín,2011,13.254817826828122,29293.0,602283.0,3633.0,22.1,6972.0,111563.0,4245537,79.88237060169443,71.53502727678475,9.713933084731183,11.53386580051586,2343.0,Bajo
San Martín,2012,11.682166195144443,29132.0,435286.0,3903.0,22.79447406644358,8603.0,127279.0,4752177,75.8,71.8,19.89236940875897,21.23150749655674,2756.0,Bajo
San Martín,2013,11.929653540226495,27931.0,478669.0,3065.0,23.5654080216711,11724.0,138217.0,4828116,77.2653697231837,72.88231553221733,33.38401405124979,34.60636721203763,2426.0,Bajo
San Martín,2014,10.903050890491343,25839.0,536274.0,3037.0,22.868897914713106,12633.0,153123.0,5173301,70.87457151077245,72.85957039192384,14.7097906384006,27.66969149365165,4380.0,Bajo
San Martín,2015,8.365826172034836,25523.0,578574.0,2366.0,22.556466394351716,15921.0,169558.0,5466266,67.18805406292364,69.51511327783768,29.29065157623609,32.53535472433736,4761.0,Bajo
San Martín,2016,8.53422645452348,25247.0,610050.0,1937.0,30.16689483874387,17917.0,188289.0,5588107,67.5356109570701,71.49699846819193,22.53363840825529,34.85920527002466,2514.0,Bajo
San Martín,2017,6.762436919950127,24996.0,638967.0,1754.0,32.39211504970712,19128.0,208046.0,5944145,67.27058367120335,72.90351977607394,48.93221859467026,49.63182861510553,15585.0,Bajo
San Martín,2018,5.840076354392604,22033.0,629530.0,1519.0,35.4905582235647,21693.0,214069.0,6063316,63.27281271733911,74.63352935457063,39.765148534014,26.78421593546645,3466.0,Bajo
San Martín,2019,4.302096192631244,18439.0,643377.0,955.0,41.59149689141333,20566.0,230450.0,6081464,62.367938455734894,74.8327652776325,41.17536823562775,15.19200582635425,2080.0,Bajo
San Martín,2020,2.436663427829102,17815.0,704155.0,884.0,49.53919057311174,26892.0,245890.0,5857760,63.328806934134384,70.9832520474337,43.51664107209471,25.455557167647,535.0,Bajo
San Martín,2021,0.3675263925009522,19538.0,778408.0,898.0,63.25426137618317,31303.0,276978.0,6297136,62.266909349374764,71.98434700798443,31.25203469402002,38.03006201254328,1569.0,Bajo
Tacna,2011,26.715006900882894,25704.0,267633.0,3012.0,45.3,16120.0,127433.0,5466509,87.83237411655672,91.58214122527397,21.86478916193876,25.52013579027959,1372.0,Bajo
Tacna,2012,23.335205351635178,27636.0,297370.0,3089.0,46.607250925191565,19671.0,146578.0,5526840,89.2,91.9,30.19385162892304,21.66298362605498,4506.0,Bajo
Tacna,2013,18.2211845138161,28408.0,316136.0,2712.0,47.18868421704837,21897.0,158907.0,5781849,90.07189602517379,91.50821435000738,4.84164708404451,22.78547774423546,4234.0,Bajo
Tacna,2014,18.73472132123967,27573.0,329815.0,2656.0,46.01388343708971,23059.0,172781.0,6094038,87.31211251455153,92.72172075153186,51.2860769627887,18.13769467925233,2420.0,Bajo
Tacna,2015,16.511112752488952,28002.0,352149.0,3380.0,46.82982157901063,27274.0,190728.0,6598403,80.62349482210226,93.29189254520449,13.80173237772688,47.2892441470627,2485.0,Bajo
Tacna,2016,13.519383541313532,29611.0,380209.0,2376.0,52.08586676063917,30102.0,215896.0,6506248,80.80168268277106,89.75913099268418,44.70472174657689,20.92996851800964,641.0,Bajo
Tacna,2017,9.812658457961001,30510.0,408212.0,2128.0,55.18069812296514,31978.0,243107.0,6584715,82.24987353671955,89.02492839330218,32.20549286105217,23.1045264262852,1598.0,Bajo
Tacna,2018,8.71379049009869,31139.0,417627.0,1893.0,62.101531039128865,34825.0,259710.0,7110940,80.58380196608796,90.81526484938965,32.72954457347844,20.83385752824461,1419.0,Bajo
Tacna,2019,6.098185261261415,30424.0,405385.0,1642.0,68.52550506647363,34586.0,279746.0,8737472,82.79249817833924,91.00353247444237,30.95295892810234,31.31779752055323,4788.000000000003,Bajo
Tacna,2020,2.2666617435475307,29052.0,391611.0,1478.0,74.14514612958966,37663.0,295965.0,8503244,86.0153659797742,90.48700833443719,11.939103012801,23.12822926217402,2364.0,Bajo
Tacna,2021,1.0901348458360574,28649.0,407247.0,1455.0,77.98164157789392,38958.0,325687.0,8885861,76.54995666698603,87.7278123485353,22.95534363067233,49.45121678823542,5094.999999999999,Bajo
Tumbes,2011,17.042359964576782,10473.0,152410.0,671.0,30.4,4374.0,69534.0,2168906,79.61608544314107,90.99005574779034,15.7530576525768,16.89730783512239,3356.999999999998,Bajo
Tumbes,2012,17.62367930684244,11455.0,169345.0,643.0,35.94300986847443,6110.0,81034.0,2440755,81.5,92.7,16.03104653425786,18.75926499100564,5432.000000000001,Bajo
Tumbes,2013,15.538660732796854,11315.0,177042.0,782.0,38.15021034784725,6990.0,87850.0,2491026,80.56231870300887,93.19889716322628,40.78196248158907,42.33047206966803,2232.0,Bajo
Tumbes,2014,13.47619257008192,11759.0,190866.0,549.0,41.87084551571024,8326.0,96082.0,2607186,74.04324729296984,92.82325837507503,8.71023636319455,25.59236819271444,9475.0,Bajo
Tumbes,2015,11.570968787987827,12370.0,187999.0,459.0,46.850314047334344,9865.0,105369.0,2540855,74.6692436745009,92.11906595311096,11.24802665818709,14.97199627764377,2324.0,Bajo
Tumbes,2016,11.221159966622121,11202.0,202032.0,400.0,50.1466379938286,9190.0,118389.0,2507255,76.33179425748813,92.18923352562678,22.72732000753151,17.81806946102288,2855.0,Bajo
Tumbes,2017,8.513402372703178,11484.0,203607.0,381.0,54.023409482592285,9988.0,128929.0,2649033,74.67677690290115,89.88259974429037,36.78464702449284,35.72355385537121,2384.0,Bajo
Tumbes,2018,7.220066820676191,11095.0,199067.0,313.0,61.01830010046548,11440.0,132146.0,2752958,72.19840687340042,90.47154725626504,12.31872803066013,26.65444084896927,4457.999999999998,Bajo
Tumbes,2019,4.514125851522378,9721.0,244740.0,287.0,64.5013924321026,9806.0,143997.0,2919599,74.55600833756353,89.14146460369186,28.91627723321092,35.8744410285713,4649.000000000001,Bajo
Tumbes,2020,0.6471760074909267,9583.0,239870.0,325.0,68.74642305305781,11684.0,157441.0,2520920,69.48402130641132,89.43914669962733,24.85142143442621,32.692777414694,2645.0,Bajo
Tumbes,2021,0.5466852175667147,10031.0,255759.0,288.0,73.39833424979155,14802.0,174547.0,2753187,69.95076177507681,88.29759352057386,45.27046306002524,48.56911456958281,16265.0,Bajo
Ucayali,2011,18.574755000738225,25780.0,236567.0,3956.0,26.0,5866.0,110978.0,3548168,71.4099008876661,78.57276446817187,42.46794679237116,30.29258814942552,3720.0,Bajo
Ucayali,2012,16.295753532778818,24385.0,262853.0,4477.0,25.0077917112773,6642.0,126425.0,3882453,68.3,77.9,43.23427684855227,17.25840021251878,2162.0,Bajo
Ucayali,2013,15.966337554199198,21695.0,300376.0,3257.0,26.36644670777263,9583.0,137382.0,3947464,71.83813910586295,79.25744511272312,44.5234501885591,29.84861593945651,631.0,Bajo
Ucayali,2014,16.040988467462697,20032.0,315329.0,3228.0,28.0245232947205,11037.0,147988.0,3957775,66.24142363516697,77.78201893706644,32.98175945361368,47.18875027763156,2165.0,Bajo
Ucayali,2015,14.32475147579726,19468.0,348321.0,2443.0,31.256646634614206,13407.0,164193.0,4163474,68.10973300784188,80.33158700868887,27.52034404681003,24.81396965225267,1555.0,Bajo
Ucayali,2016,12.199683762256544,18560.0,370825.0,1858.0,36.89189413482501,14292.0,183773.0,4176645,64.3531517761224,78.46983522440725,37.42512756524493,24.23059601507679,4449.000000000002,Bajo
Ucayali,2017,10.310354145992473,18507.0,379023.0,1690.0,41.78069976645324,15206.0,201723.0,4305190,61.354986715084706,76.16625418125354,5.476166610000376,21.94295359922929,4080.999999999999,Bajo
Ucayali,2018,8.87458937111536,16204.0,388511.0,1466.0,46.17680249801635,16620.0,214407.0,4440780,62.42436432108044,79.46288658907248,55.38809752082135,20.58191397157568,2700.0,Bajo
Ucayali,2019,7.749243251406276,16115.0,418166.0,1132.0,49.721480955296805,16726.0,229981.0,4625127,57.05514457273967,76.59320019155811,10.06339123354673,44.43534245603845,2492.0,Bajo
Ucayali,2020,3.0793447502421567,15056.0,459911.0,1009.0,54.980128312400666,21949.0,243940.0,4027781,67.05937970343466,79.10794375317953,49.95507548322939,27.97400307564055,775.0,Bajo
Ucayali,2021,0.9385507596278214,17182.0,502497.0,1045.0,61.91254782924713,26399.0,275306.0,4580823,51.21808514634054,73.89234149830448,33.46397545271928,20.47356120841879,1477.0,Bajo
